adas,website,email,Job Name,sdffdss
2009-08-24,'https://www.sutton.com/','kevinrivera@barker-mayo.com',"'Radiographer, diagnostic'",615
2011-11-01,'https://orr-warner.com/','christopher79@mckay.org','Planning and development surveyor',817
2005-08-02,'https://www.hamilton.com/','smithchristopher@zuniga.com','Marine scientist',811
1977-09-27,'https://www.jordan-jordan.info/','aprilleblanc@castaneda-neal.org','Fisheries officer',46
1990-12-05,'https://www.green.com/','gchase@johnson.com','Counsellor',81
1976-10-26,'https://martin.com/','amy99@hernandez.net','Air broker',770
1986-08-09,'http://www.mercado.com/','kennedywendy@harris-lee.com','Geophysical data processor',186
1971-04-25,'http://www.woods.com/','irodgers@phillips-morgan.com',"'Engineer, production'",34
1974-08-01,'https://www.moore.net/','hendersonjacob@collier.com','Radiation protection practitioner',182
1978-04-22,'https://reese-schultz.info/','jamie38@taylor.org','Market researcher',128
